fecha,granos_de_polen
2010-01-01,0
2010-01-02,0
2010-01-03,0
2010-01-04,0
2010-01-05,3
2010-01-06,1
2010-01-07,1
2010-01-08,0
2010-01-09,0
2010-01-10,0
2010-01-11,0
2010-01-12,0
2010-01-13,0
2010-01-14,0
2010-01-15,0
2010-01-16,0
2010-01-17,0
2010-01-18,1
2010-01-19,1
2010-01-20,3
2010-01-21,2
2010-01-22,0
2010-01-23,2
2010-01-24,0
2010-01-25,0
2010-01-26,1
2010-01-27,0
2010-01-28,0
2010-01-29,1
2010-01-30,0
2010-01-31,3
2010-02-01,1
2010-02-02,1
2010-02-03,1
2010-02-04,0
2010-02-05,5
2010-02-06,1
2010-02-07,0
2010-02-08,4
2010-02-09,2
2010-02-10,5
2010-02-11,2
2010-02-12,0
2010-02-13,1
2010-02-14,0
2010-02-15,0
2010-02-16,0
2010-02-17,0
2010-02-18,0
2010-02-19,1
2010-02-20,1
2010-02-21,0
2010-02-22,1
2010-02-23,2
2010-02-24,1
2010-02-25,0
2010-02-26,2
2010-02-27,2
2010-02-28,9
2010-03-01,3
2010-03-02,3
2010-03-03,5
2010-03-04,15
2010-03-05,10
2010-03-06,1
2010-03-07,1
2010-03-08,1
2010-03-09,0
2010-03-10,2
2010-03-11,0
2010-03-12,3
2010-03-13,4
2010-03-14,4
2010-03-15,5
2010-03-16,29
2010-03-17,71
2010-03-18,17
2010-03-19,54
2010-03-20,11
2010-03-21,2
2010-03-22,11
2010-03-23,24
2010-03-24,8
2010-03-25,3
2010-03-26,2
2010-03-27,17
2010-03-28,9
2010-03-29,25
2010-03-30,6
2010-03-31,8
2010-04-01,3
2010-04-02,1
2010-04-03,4
2010-04-04,4
2010-04-05,5
2010-04-06,0
2010-04-07,0
2010-04-08,11
2010-04-09,4
2010-04-10,6
2010-04-11,3
2010-04-12,16
2010-04-13,0
2010-04-14,2
2010-04-15,4
2010-04-16,3
2010-04-17,1
2010-04-18,1
2010-04-19,3
2010-04-20,15
2010-04-21,5
2010-04-22,5
2010-04-23,14
2010-04-24,12
2010-04-25,9
2010-04-26,8
2010-04-27,11
2010-04-28,16
2010-04-29,10
2010-04-30,31
2010-05-01,19
2010-05-02,0
2010-05-03,0
2010-05-04,8
2010-05-05,1
2010-05-06,10
2010-05-07,20
2010-05-08,2
2010-05-09,0
2010-05-10,19
2010-05-11,25
2010-05-12,23
2010-05-13,8
2010-05-14,4
2010-05-15,9
2010-05-16,19
2010-05-17,21
2010-05-18,38
2010-05-19,53
2010-05-20,41
2010-05-21,59
2010-05-22,77
2010-05-23,166
2010-05-24,278
2010-05-25,502
2010-05-26,358
2010-05-27,239
2010-05-28,112
2010-05-29,62
2010-05-30,181
2010-05-31,105
2010-06-01,125
2010-06-02,93
2010-06-03,109
2010-06-04,147
2010-06-05,180
2010-06-06,188
2010-06-07,110
2010-06-08,128
2010-06-09,3
2010-06-10,11
2010-06-11,10
2010-06-12,3
2010-06-13,1
2010-06-14,18
2010-06-15,28
2010-06-16,3
2010-06-17,1
2010-06-18,19
2010-06-19,22
2010-06-20,35
2010-06-21,15
2010-06-22,31
2010-06-23,45
2010-06-24,28
2010-06-25,8
2010-06-26,6
2010-06-27,18
2010-06-28,11
2010-06-29,10
2010-06-30,11
2010-07-01,15
2010-07-02,4
2010-07-03,1
2010-07-04,4
2010-07-05,22
2010-07-06,21
2010-07-07,10
2010-07-08,18
2010-07-09,17
2010-07-10,17
2010-07-11,10
2010-07-12,22
2010-07-13,13
2010-07-14,5
2010-07-15,11
2010-07-16,14
2010-07-17,8
2010-07-18,5
2010-07-19,12
2010-07-20,11
2010-07-21,16
2010-07-22,3
2010-07-23,7
2010-07-24,2
2010-07-25,10
2010-07-26,6
2010-07-27,4
2010-07-28,4
2010-07-29,3
2010-07-30,2
2010-07-31,6
2010-08-01,3
2010-08-02,2
2010-08-03,1
2010-08-04,5
2010-08-05,0
2010-08-06,1
2010-08-07,1
2010-08-08,1
2010-08-09,1
2010-08-10,2
2010-08-11,3
2010-08-12,2
2010-08-13,2
2010-08-14,2
2010-08-15,1
2010-08-16,2
2010-08-17,1
2010-08-18,2
2010-08-19,2
2010-08-20,1
2010-08-21,2
2010-08-22,2
2010-08-23,3
2010-08-24,1
2010-08-25,2
2010-08-26,2
2010-08-27,1
2010-08-28,1
2010-08-29,3
2010-08-30,3
2010-08-31,2
2010-09-01,4
2010-09-02,1
2010-09-03,1
2010-09-04,2
2010-09-05,1
2010-09-06,3
2010-09-07,2
2010-09-08,2
2010-09-09,1
2010-09-10,1
2010-09-11,2
2010-09-12,1
2010-09-13,1
2010-09-14,1
2010-09-15,3
2010-09-16,2
2010-09-17,0
2010-09-18,1
2010-09-19,1
2010-09-20,1
2010-09-21,0
2010-09-22,1
2010-09-23,1
2010-09-24,0
2010-09-25,2
2010-09-26,0
2010-09-27,0
2010-09-28,0
2010-09-29,0
2010-09-30,0
2010-10-01,1
2010-10-02,1
2010-10-03,1
2010-10-04,0
2010-10-05,0
2010-10-06,0
2010-10-07,0
2010-10-08,0
2010-10-09,0
2010-10-10,0
2010-10-11,0
2010-10-12,0
2010-10-13,2
2010-10-14,1
2010-10-15,0
2010-10-16,0
2010-10-17,1
2010-10-18,0
2010-10-19,0
2010-10-20,0
2010-10-21,0
2010-10-22,0
2010-10-23,1
2010-10-24,0
2010-10-25,0
2010-10-26,0
2010-10-27,0
2010-10-28,0
2010-10-29,0
2010-10-30,0
2010-10-31,0
2010-11-01,0
2010-11-02,0
2010-11-03,0
2010-11-04,0
2010-11-05,0
2010-11-06,0
2010-11-07,0
2010-11-08,0
2010-11-09,0
2010-11-10,0
2010-11-11,1
2010-11-12,0
2010-11-13,0
2010-11-14,0
2010-11-15,0
2010-11-16,0
2010-11-17,0
2010-11-18,0
2010-11-19,0
2010-11-20,0
2010-11-21,0
2010-11-22,0
2010-11-23,0
2010-11-24,0
2010-11-25,0
2010-11-26,1
2010-11-27,0
2010-11-28,0
2010-11-29,0
2010-11-30,0
2010-12-01,0
2010-12-02,0
2010-12-03,0
2010-12-04,0
2010-12-05,0
2010-12-06,0
2010-12-07,0
2010-12-08,0
2010-12-09,0
2010-12-10,0
2010-12-11,0
2010-12-12,0
2010-12-13,0
2010-12-14,0
2010-12-15,1
2010-12-16,0
2010-12-17,0
2010-12-18,0
2010-12-19,0
2010-12-20,1
2010-12-21,0
2010-12-22,1
2010-12-23,0
2010-12-24,0
2010-12-25,0
2010-12-26,1
2010-12-27,0
2010-12-28,0
2010-12-29,0
2010-12-30,0
2010-12-31,0
2011-01-01,1
2011-01-02,0
2011-01-03,2
2011-01-04,0
2011-01-05,0
2011-01-06,3
2011-01-07,1
2011-01-08,0
2011-01-09,0
2011-01-10,0
2011-01-11,1
2011-01-12,1
2011-01-13,2
2011-01-14,1
2011-01-15,3
2011-01-16,1
2011-01-17,4
2011-01-18,0
2011-01-19,0
2011-01-20,1
2011-01-21,1
2011-01-22,0
2011-01-23,0
2011-01-24,0
2011-01-25,0
2011-01-26,0
2011-01-27,0
2011-01-28,1
2011-01-29,0
2011-01-30,1
2011-01-31,0
2011-02-01,0
2011-02-02,1
2011-02-03,2
2011-02-04,6
2011-02-05,2
2011-02-06,1
2011-02-07,2
2011-02-08,5
2011-02-09,5
2011-02-10,7
2011-02-11,8
2011-02-12,5
2011-02-13,4
2011-02-14,1
2011-02-15,0
2011-02-16,0
2011-02-17,0
2011-02-18,4
2011-02-19,0
2011-02-20,5
2011-02-21,6
2011-02-22,3
2011-02-23,5
2011-02-24,5
2011-02-25,11
2011-02-26,4
2011-02-27,1
2011-02-28,1
2011-03-01,1
2011-03-02,1
2011-03-03,0
2011-03-04,0
2011-03-05,0
2011-03-06,2
2011-03-07,2
2011-03-08,2
2011-03-09,1
2011-03-10,2
2011-03-11,0
2011-03-12,0
2011-03-13,3
2011-03-14,0
2011-03-15,3
2011-03-16,6
2011-03-17,2
2011-03-18,6
2011-03-19,8
2011-03-20,1
2011-03-21,2
2011-03-22,1
2011-03-23,0
2011-03-24,0
2011-03-25,0
2011-03-26,1
2011-03-27,0
2011-03-28,0
2011-03-29,1
2011-03-30,2
2011-03-31,3
2011-04-01,5
2011-04-02,8
2011-04-03,21
2011-04-04,4
2011-04-05,9
2011-04-06,9
2011-04-07,4
2011-04-08,1
2011-04-09,13
2011-04-10,18
2011-04-11,3
2011-04-12,5
2011-04-13,8
2011-04-14,8
2011-04-15,9
2011-04-16,12
2011-04-17,0
2011-04-18,9
2011-04-19,22
2011-04-20,6
2011-04-21,3
2011-04-22,0
2011-04-23,1
2011-04-24,4
2011-04-25,3
2011-04-26,4
2011-04-27,5
2011-04-28,10
2011-04-29,6
2011-04-30,2
2011-05-01,8
2011-05-02,4
2011-05-03,6
2011-05-04,29
2011-05-05,34
2011-05-06,22
2011-05-07,18
2011-05-08,82
2011-05-09,75
2011-05-10,22
2011-05-11,11
2011-05-12,33
2011-05-13,44
2011-05-14,68
2011-05-15,12
2011-05-16,33
2011-05-17,45
2011-05-18,17
2011-05-19,3
2011-05-20,6
2011-05-21,50
2011-05-22,83
2011-05-23,65
2011-05-24,49
2011-05-25,49
2011-05-26,138
2011-05-27,41
2011-05-28,8
2011-05-29,37
2011-05-30,29
2011-05-31,25
2011-06-01,10
2011-06-02,11
2011-06-03,9
2011-06-04,12
2011-06-05,9
2011-06-06,3
2011-06-07,8
2011-06-08,6
2011-06-09,57
2011-06-10,14
2011-06-11,10
2011-06-12,70
2011-06-13,79
2011-06-14,56
2011-06-15,56
2011-06-16,58
2011-06-17,30
2011-06-18,68
2011-06-19,19
2011-06-20,14
2011-06-21,42
2011-06-22,62
2011-06-23,45
2011-06-24,17
2011-06-25,8
2011-06-26,6
2011-06-27,15
2011-06-28,9
2011-06-29,26
2011-06-30,11
2011-07-01,21
2011-07-02,15
2011-07-03,3
2011-07-04,15
2011-07-05,12
2011-07-06,15
2011-07-07,15
2011-07-08,9
2011-07-09,8
2011-07-10,11
2011-07-11,2
2011-07-12,2
2011-07-13,4
2011-07-14,0
2011-07-15,1
2011-07-16,5
2011-07-17,8
2011-07-18,7
2011-07-19,4
2011-07-20,3
2011-07-21,4
2011-07-22,2
2011-07-23,2
2011-07-24,0
2011-07-25,2
2011-07-26,1
2011-07-27,3
2011-07-28,3
2011-07-29,3
2011-07-30,4
2011-07-31,2
2011-08-01,2
2011-08-02,3
2011-08-03,1
2011-08-04,2
2011-08-05,3
2011-08-06,4
2011-08-07,2
2011-08-08,3
2011-08-09,1
2011-08-10,2
2011-08-11,2
2011-08-12,3
2011-08-13,2
2011-08-14,2
2011-08-15,1
2011-08-16,2
2011-08-17,1
2011-08-18,1
2011-08-19,2
2011-08-20,1
2011-08-21,1
2011-08-22,0
2011-08-23,1
2011-08-24,2
2011-08-25,1
2011-08-26,1
2011-08-27,1
2011-08-28,1
2011-08-29,0
2011-08-30,2
2011-08-31,2
2011-09-01,1
2011-09-02,1
2011-09-03,0
2011-09-04,0
2011-09-05,3
2011-09-06,1
2011-09-07,1
2011-09-08,1
2011-09-09,2
2011-09-10,1
2011-09-11,0
2011-09-12,0
2011-09-13,1
2011-09-14,2
2011-09-15,2
2011-09-16,3
2011-09-17,1
2011-09-18,2
2011-09-19,1
2011-09-20,2
2011-09-21,2
2011-09-22,1
2011-09-23,0
2011-09-24,0
2011-09-25,1
2011-09-26,0
2011-09-27,1
2011-09-28,0
2011-09-29,1
2011-09-30,1
2011-10-01,1
2011-10-02,1
2011-10-03,1
2011-10-04,0
2011-10-05,1
2011-10-06,0
2011-10-07,1
2011-10-08,0
2011-10-09,0
2011-10-10,1
2011-10-11,0
2011-10-12,1
2011-10-13,0
2011-10-14,1
2011-10-15,1
2011-10-16,0
2011-10-17,0
2011-10-18,0
2011-10-19,1
2011-10-20,0
2011-10-21,0
2011-10-22,0
2011-10-23,1
2011-10-24,0
2011-10-25,0
2011-10-26,0
2011-10-27,0
2011-10-28,0
2011-10-29,0
2011-10-30,0
2011-10-31,0
2011-11-01,1
2011-11-02,0
2011-11-03,0
2011-11-04,0
2011-11-05,0
2011-11-06,0
2011-11-07,0
2011-11-08,0
2011-11-09,0
2011-11-10,0
2011-11-11,0
2011-11-12,0
2011-11-13,0
2011-11-14,0
2011-11-15,0
2011-11-16,0
2011-11-17,0
2011-11-18,0
2011-11-19,0
2011-11-20,0
2011-11-21,0
2011-11-22,0
2011-11-23,0
2011-11-24,0
2011-11-25,0
2011-11-26,0
2011-11-27,0
2011-11-28,0
2011-11-29,0
2011-11-30,0
2011-12-01,0
2011-12-02,0
2011-12-03,0
2011-12-04,0
2011-12-05,0
2011-12-06,0
2011-12-07,0
2011-12-08,0
2011-12-09,0
2011-12-10,0
2011-12-11,0
2011-12-12,0
2011-12-13,0
2011-12-14,0
2011-12-15,0
2011-12-16,0
2011-12-17,0
2011-12-18,0
2011-12-19,0
2011-12-20,0
2011-12-21,0
2011-12-22,0
2011-12-23,0
2011-12-24,0
2011-12-25,0
2011-12-26,0
2011-12-27,0
2011-12-28,0
2011-12-29,0
2011-12-30,0
2011-12-31,0
2012-01-01,0
2012-01-02,0
2012-01-03,0
2012-01-04,0
2012-01-05,0
2012-01-06,0
2012-01-07,0
2012-01-08,0
2012-01-09,0
2012-01-10,0
2012-01-11,0
2012-01-12,0
2012-01-13,0
2012-01-14,1
2012-01-15,0
2012-01-16,0
2012-01-17,0
2012-01-18,1
2012-01-19,1
2012-01-20,0
2012-01-21,0
2012-01-22,0
2012-01-23,0
2012-01-24,0
2012-01-25,0
2012-01-26,0
2012-01-27,1
2012-01-28,0
2012-01-29,1
2012-01-30,1
2012-01-31,1
2012-02-01,1
2012-02-02,0
2012-02-03,0
2012-02-04,0
2012-02-05,0
2012-02-06,0
2012-02-07,0
2012-02-08,0
2012-02-09,0
2012-02-10,0
2012-02-11,1
2012-02-12,0
2012-02-13,0
2012-02-14,1
2012-02-15,0
2012-02-16,0
2012-02-17,1
2012-02-18,0
2012-02-19,0
2012-02-20,1
2012-02-21,0
2012-02-22,0
2012-02-23,1
2012-02-24,0
2012-02-25,4
2012-02-26,4
2012-02-27,1
2012-02-28,3
2012-02-29,3
2012-03-01,0
2012-03-02,2
2012-03-03,1
2012-03-04,0
2012-03-05,4
2012-03-06,0
2012-03-07,1
2012-03-08,0
2012-03-09,0
2012-03-10,0
2012-03-11,2
2012-03-12,2
2012-03-13,1
2012-03-14,5
2012-03-15,3
2012-03-16,1
2012-03-17,1
2012-03-18,0
2012-03-19,0
2012-03-20,0
2012-03-21,0
2012-03-22,1
2012-03-23,0
2012-03-24,1
2012-03-25,1
2012-03-26,0
2012-03-27,0
2012-03-28,1
2012-03-29,1
2012-03-30,2
2012-03-31,0
2012-04-01,4
2012-04-02,2
2012-04-03,1
2012-04-04,0
2012-04-05,0
2012-04-06,1
2012-04-07,1
2012-04-08,1
2012-04-09,1
2012-04-10,5
2012-04-11,0
2012-04-12,0
2012-04-13,1
2012-04-14,0
2012-04-15,0
2012-04-16,0
2012-04-17,1
2012-04-18,1
2012-04-19,1
2012-04-20,0
2012-04-21,0
2012-04-22,2
2012-04-23,1
2012-04-24,1
2012-04-25,1
2012-04-26,0
2012-04-27,0
2012-04-28,0
2012-04-29,0
2012-04-30,1
2012-05-01,1
2012-05-02,2
2012-05-03,0
2012-05-04,1
2012-05-05,1
2012-05-06,2
2012-05-07,3
2012-05-08,7
2012-05-09,5
2012-05-10,1
2012-05-11,12
2012-05-12,12
2012-05-13,11
2012-05-14,16
2012-05-15,17
2012-05-16,14
2012-05-17,53
2012-05-18,79
2012-05-19,33
2012-05-20,1
2012-05-21,5
2012-05-22,26
2012-05-23,24
2012-05-24,24
2012-05-25,39
2012-05-26,57
2012-05-27,37
2012-05-28,18
2012-05-29,30
2012-05-30,56
2012-05-31,21
2012-06-01,14
2012-06-02,31
2012-06-03,8
2012-06-04,8
2012-06-05,16
2012-06-06,23
2012-06-07,10
2012-06-08,7
2012-06-09,8
2012-06-10,10
2012-06-13,3
2012-06-14,6
2012-06-15,8
2012-06-16,10
2012-06-17,9
2012-06-18,9
2012-06-19,5
2012-06-20,5
2012-06-21,6
2012-06-22,6
2012-06-23,5
2012-06-24,5
2012-06-25,11
2012-06-26,6
2012-06-27,3
2012-06-28,4
2012-06-29,2
2012-06-30,4
2012-07-01,2
2012-07-02,3
2012-07-03,2
2012-07-04,2
2012-07-05,4
2012-07-06,5
2012-07-07,2
2012-07-08,0
2012-07-09,2
2012-07-10,3
2012-07-11,1
2012-07-12,4
2012-07-13,1
2012-07-14,3
2012-07-15,3
2012-07-16,1
2012-07-17,2
2012-07-18,5
2012-07-19,3
2012-07-20,5
2012-07-21,3
2012-07-22,2
2012-07-23,2
2012-07-24,1
2012-07-25,2
2012-07-26,3
2012-07-27,1
2012-07-28,1
2012-07-29,0
2012-07-30,2
2012-07-31,1
2012-08-01,1
2012-08-02,1
2012-08-03,1
2012-08-04,0
2012-08-05,0
2012-08-06,0
2012-08-07,0
2012-08-08,1
2012-08-09,1
2012-08-10,0
2012-08-11,2
2012-08-12,1
2012-08-13,1
2012-08-14,1
2012-08-15,0
2012-08-16,0
2012-08-17,1
2012-08-18,0
2012-08-19,1
2012-08-20,1
2012-08-21,0
2012-08-22,1
2012-08-23,0
2012-08-24,0
2012-08-25,1
2012-08-26,1
2012-08-27,1
2012-08-28,0
2012-08-29,1
2012-08-30,0
2012-08-31,1
2012-09-01,0
2012-09-02,0
2012-09-03,1
2012-09-04,0
2012-09-05,1
2012-09-06,1
2012-09-07,1
2012-09-08,1
2012-09-09,1
2012-09-10,1
2012-09-11,1
2012-09-12,1
2012-09-13,0
2012-09-14,0
2012-09-15,0
2012-09-16,0
2012-09-17,1
2012-09-18,1
2012-09-19,0
2012-09-20,2
2012-09-21,0
2012-09-22,0
2012-09-23,1
2012-09-24,0
2012-09-25,1
2012-09-26,0
2012-09-27,0
2012-09-28,0
2012-09-29,0
2012-09-30,0
2012-10-01,0
2012-10-02,0
2012-10-03,0
2012-10-04,1
2012-10-05,0
2012-10-06,0
2012-10-07,0
2012-10-08,0
2012-10-09,0
2012-10-10,0
2012-10-11,0
2012-10-12,0
2012-10-13,0
2012-10-14,0
2012-10-15,0
2012-10-16,0
2012-10-17,0
2012-10-18,0
2012-10-19,0
2012-10-20,0
2012-10-21,0
2012-10-22,0
2012-10-23,0
2012-10-24,0
2012-10-25,0
2012-10-26,0
2012-10-27,0
2012-10-28,0
2012-10-29,0
2012-10-30,0
2012-10-31,0
2012-11-01,0
2012-11-02,0
2012-11-03,0
2012-11-04,0
2012-11-05,1
2012-11-06,0
2012-11-07,0
2012-11-08,0
2012-11-09,0
2012-11-10,0
2012-11-11,0
2012-11-12,0
2012-11-13,0
2012-11-14,0
2012-11-15,0
2012-11-16,0
2012-11-17,0
2012-11-18,0
2012-11-19,0
2012-11-20,0
2012-11-21,0
2012-11-22,1
2012-11-23,0
2012-11-24,0
2012-11-25,0
2012-11-26,0
2012-11-27,0
2012-11-28,0
2012-11-29,0
2012-11-30,0
2012-12-01,0
2012-12-02,0
2012-12-03,0
2012-12-04,0
2012-12-05,0
2012-12-06,1
2012-12-07,0
2012-12-08,0
2012-12-09,1
2012-12-10,0
2012-12-11,0
2012-12-12,0
2012-12-13,0
2012-12-14,0
2012-12-15,1
2012-12-16,1
2012-12-17,0
2012-12-18,0
2012-12-19,0
2012-12-20,3
2012-12-21,0
2012-12-22,1
2012-12-23,2
2012-12-24,0
2012-12-25,1
2012-12-26,0
2012-12-27,0
2012-12-28,0
2012-12-29,0
2012-12-30,0
2012-12-31,0
2013-01-01,0
2013-01-02,0
2013-01-03,0
2013-01-04,0
2013-01-05,0
2013-01-06,1
2013-01-07,4
2013-01-08,1
2013-01-09,0
2013-01-10,0
2013-01-11,0
2013-01-12,2
2013-01-13,0
2013-01-14,0
2013-01-15,0
2013-01-16,1
2013-01-17,0
2013-01-18,0
2013-01-19,0
2013-01-20,0
2013-01-21,0
2013-01-22,0
2013-01-23,0
2013-01-24,0
2013-01-25,1
2013-01-26,0
2013-01-27,1
2013-01-28,2
2013-01-29,1
2013-01-30,5
2013-01-31,2
2013-02-01,0
2013-02-02,0
2013-02-03,0
2013-02-04,0
2013-02-05,0
2013-02-06,2
2013-02-07,1
2013-02-08,0
2013-02-09,0
2013-02-10,0
2013-02-11,1
2013-02-12,0
2013-02-13,2
2013-02-14,2
2013-02-15,2
2013-02-16,2
2013-02-17,1
2013-02-18,0
2013-02-19,0
2013-02-20,0
2013-02-21,0
2013-02-22,1
2013-02-23,2
2013-02-24,0
2013-02-25,0
2013-02-26,0
2013-02-27,0
2013-02-28,0
2013-03-01,0
2013-03-02,1
2013-03-03,2
2013-03-04,2
2013-03-05,0
2013-03-06,1
2013-03-07,1
2013-03-08,0
2013-03-09,1
2013-03-10,1
2013-03-11,1
2013-03-12,2
2013-03-13,1
2013-03-14,1
2013-03-15,2
2013-03-16,5
2013-03-17,2
2013-03-18,5
2013-03-19,2
2013-03-20,2
2013-03-21,4
2013-03-22,1
2013-03-23,0
2013-03-24,2
2013-03-25,1
2013-03-26,1
2013-03-27,1
2013-03-28,1
2013-03-29,1
2013-03-30,1
2013-03-31,3
2013-04-01,1
2013-04-02,7
2013-04-03,10
2013-04-04,1
2013-04-05,2
2013-04-06,1
2013-04-07,3
2013-04-08,9
2013-04-09,8
2013-04-10,2
2013-04-11,8
2013-04-12,4
2013-04-13,6
2013-04-14,9
2013-04-15,18
2013-04-16,7
2013-04-17,19
2013-04-18,21
2013-04-19,8
2013-04-20,4
2013-04-21,5
2013-04-22,9
2013-04-23,9
2013-04-24,12
2013-04-25,13
2013-04-26,1
2013-04-27,4
2013-04-28,1
2013-04-29,1
2013-04-30,0
2013-05-01,0
2013-05-02,3
2013-05-03,7
2013-05-04,8
2013-05-05,11
2013-05-06,21
2013-05-07,19
2013-05-08,105
2013-05-09,69
2013-05-10,24
2013-05-11,24
2013-05-12,32
2013-05-13,150
2013-05-14,50
2013-05-15,10
2013-05-16,20
2013-05-17,11
2013-05-18,4
2013-05-19,23
2013-05-20,43
2013-05-21,0
2013-05-22,0
2013-05-23,49
2013-05-24,36
2013-05-25,72
2013-05-26,123
2013-05-27,172
2013-05-28,140
2013-05-29,0
2013-05-30,0
2013-05-31,87
2013-06-01,48
2013-06-02,33
2013-06-03,46
2013-06-04,105
2013-06-05,168
2013-06-06,57
2013-06-07,146
2013-06-08,15
2013-06-09,16
2013-06-10,33
2013-06-11,89
2013-06-12,61
2013-06-13,100
2013-06-14,117
2013-06-15,131
2013-06-16,89
2013-06-17,54
2013-06-18,22
2013-06-19,9
2013-06-20,20
2013-06-21,62
2013-06-22,35
2013-06-23,61
2013-06-24,32
2013-06-25,46
2013-06-26,50
2013-06-27,44
2013-06-28,29
2013-06-29,30
2013-06-30,42
2013-07-01,45
2013-07-02,26
2013-07-03,99
2013-07-04,46
2013-07-05,32
2013-07-06,26
2013-07-07,32
2013-07-08,29
2013-07-09,39
2013-07-10,41
2013-07-11,28
2013-07-12,9
2013-07-13,15
2013-07-14,27
2013-07-15,10
2013-07-16,18
2013-07-17,11
2013-07-18,8
2013-07-19,11
2013-07-20,11
2013-07-21,8
2013-07-22,1
2013-07-23,3
2013-07-24,4
2013-07-25,12
2013-07-26,4
2013-07-27,7
2013-07-28,4
2013-07-29,2
2013-07-30,4
2013-07-31,3
2013-08-01,6
2013-08-02,4
2013-08-03,5
2013-08-04,4
2013-08-05,3
2013-08-06,7
2013-08-07,6
2013-08-08,2
2013-08-09,3
2013-08-10,2
2013-08-11,3
2013-08-12,4
2013-08-13,5
2013-08-14,6
2013-08-15,4
2013-08-16,3
2013-08-17,2
2013-08-18,3
2013-08-19,4
2013-08-20,3
2013-08-21,1
2013-08-22,3
2013-08-23,2
2013-08-24,2
2013-08-25,5
2013-08-26,3
2013-08-27,2
2013-08-28,2
2013-08-29,2
2013-08-30,0
2013-08-31,2
2013-09-01,4
2013-09-02,4
2013-09-03,1
2013-09-04,5
2013-09-05,8
2013-09-06,2
2013-09-07,4
2013-09-08,3
2013-09-09,2
2013-09-10,1
2013-09-11,1
2013-09-12,3
2013-09-13,2
2013-09-14,1
2013-09-15,1
2013-09-16,0
2013-09-17,2
2013-09-18,0
2013-09-19,0
2013-09-20,0
2013-09-21,3
2013-09-22,3
2013-09-23,1
2013-09-24,1
2013-09-25,4
2013-09-26,2
2013-09-27,3
2013-09-28,1
2013-09-29,0
2013-09-30,0
2013-10-01,1
2013-10-02,2
2013-10-03,0
2013-10-04,0
2013-10-05,0
2013-10-06,1
2013-10-07,0
2013-10-08,0
2013-10-09,0
2013-10-10,1
2013-10-11,1
2013-10-12,0
2013-10-13,0
2013-10-14,0
2013-10-15,0
2013-10-16,0
2013-10-17,1
2013-10-18,0
2013-10-19,0
2013-10-20,0
2013-10-21,0
2013-10-22,0
2013-10-23,0
2013-10-24,0
2013-10-25,0
2013-10-26,0
2013-10-27,0
2013-10-28,0
2013-10-29,0
2013-10-30,0
2013-10-31,0
2013-11-01,0
2013-11-02,0
2013-11-03,0
2013-11-04,1
2013-11-05,0
2013-11-06,0
2013-11-07,0
2013-11-08,0
2013-11-09,0
2013-11-10,0
2013-11-11,0
2013-11-12,0
2013-11-13,1
2013-11-14,0
2013-11-15,1
2013-11-16,0
2013-11-17,0
2013-11-18,0
2013-11-19,0
2013-11-20,0
2013-11-21,0
2013-11-22,0
2013-11-23,0
2013-11-24,0
2013-11-25,0
2013-11-26,0
2013-11-27,0
2013-11-28,0
2013-11-29,0
2013-11-30,0
2013-12-01,0
2013-12-02,0
2013-12-03,0
2013-12-04,0
2013-12-05,0
2013-12-06,0
2013-12-07,0
2013-12-08,0
2013-12-09,0
2013-12-10,0
2013-12-11,0
2013-12-12,0
2013-12-13,0
2013-12-14,0
2013-12-15,0
2013-12-16,0
2013-12-17,0
2013-12-18,0
2013-12-19,0
2013-12-20,1
2013-12-21,0
2013-12-22,0
2013-12-23,0
2013-12-24,0
2013-12-25,0
2013-12-26,0
2013-12-27,1
2013-12-28,0
2013-12-29,3
2013-12-30,0
2013-12-31,0
2014-01-01,0
2014-01-02,0
2014-01-03,2
2014-01-04,0
2014-01-05,0
2014-01-06,0
2014-01-07,1
2014-01-08,0
2014-01-09,0
2014-01-10,0
2014-01-11,0
2014-01-12,0
2014-01-13,2
2014-01-14,0
2014-01-15,2
2014-01-16,2
2014-01-17,0
2014-01-18,1
2014-01-19,1
2014-01-20,0
2014-01-21,1
2014-01-22,1
2014-01-23,0
2014-01-24,3
2014-01-25,1
2014-01-26,4
2014-01-27,1
2014-01-28,1
2014-01-29,1
2014-01-30,0
2014-01-31,3
2014-02-01,2
2014-02-02,3
2014-02-03,0
2014-02-04,0
2014-02-05,3
2014-02-06,1
2014-02-07,3
2014-02-08,2
2014-02-09,0
2014-02-10,1
2014-02-11,0
2014-02-12,0
2014-02-13,1
2014-02-14,1
2014-02-15,1
2014-02-16,2
2014-02-17,1
2014-02-18,3
2014-02-19,3
2014-02-20,4
2014-02-21,8
2014-02-22,5
2014-02-23,1
2014-02-24,0
2014-02-25,1
2014-02-26,1
2014-02-27,4
2014-02-28,4
2014-03-01,0
2014-03-02,3
2014-03-03,1
2014-03-04,0
2014-03-05,3
2014-03-06,7
2014-03-07,2
2014-03-08,1
2014-03-09,2
2014-03-10,2
2014-03-11,1
2014-03-12,0
2014-03-13,3
2014-03-14,0
2014-03-15,2
2014-03-16,2
2014-03-17,2
2014-03-18,4
2014-03-19,2
2014-03-20,1
2014-03-21,2
2014-03-22,1
2014-03-23,1
2014-03-24,1
2014-03-25,1
2014-03-26,0
2014-03-27,0
2014-03-28,1
2014-03-29,0
2014-03-30,0
2014-03-31,1
2014-04-01,3
2014-04-02,1
2014-04-03,1
2014-04-04,2
2014-04-05,1
2014-04-06,1
2014-04-07,8
2014-04-08,6
2014-04-09,3
2014-04-10,5
2014-04-11,3
2014-04-12,1
2014-04-13,2
2014-04-14,5
2014-04-15,4
2014-04-16,4
2014-04-17,4
2014-04-18,2
2014-04-19,8
2014-04-20,2
2014-04-21,1
2014-04-22,6
2014-04-23,7
2014-04-24,4
2014-04-25,9
2014-04-26,9
2014-04-27,18
2014-04-28,14
2014-04-29,13
2014-04-30,6
2014-05-01,13
2014-05-02,23
2014-05-03,8
2014-05-04,11
2014-05-05,71
2014-05-06,249
2014-05-07,252
2014-05-08,158
2014-05-09,71
2014-05-10,112
2014-05-11,129
2014-05-12,165
2014-05-13,89
2014-05-14,15
2014-05-15,41
2014-05-16,34
2014-05-17,25
2014-05-18,61
2014-05-19,409
2014-05-20,33
2014-05-21,19
2014-05-22,19
2014-05-23,53
2014-05-24,53
2014-05-25,111
2014-05-26,15
2014-05-27,45
2014-05-28,36
2014-05-29,15
2014-05-30,37
2014-05-31,15
2014-06-01,6
2014-06-02,19
2014-06-03,31
2014-06-04,63
2014-06-05,41
2014-06-06,46
2014-06-07,38
2014-06-08,18
2014-06-09,52
2014-06-10,53
2014-06-11,10
2014-06-12,4
2014-06-13,11
2014-06-14,26
2014-06-15,21
2014-06-16,28
2014-06-17,18
2014-06-18,34
2014-06-19,25
2014-06-20,8
2014-06-21,18
2014-06-22,14
2014-06-23,15
2014-06-24,5
2014-06-25,6
2014-06-26,9
2014-06-27,14
2014-06-28,14
2014-06-29,7
2014-06-30,23
2014-07-01,14
2014-07-02,6
2014-07-03,3
2014-07-04,7
2014-07-05,43
2014-07-06,8
2014-07-07,4
2014-07-08,15
2014-07-09,9
2014-07-10,14
2014-07-11,8
2014-07-12,12
2014-07-13,19
2014-07-14,7
2014-07-15,10
2014-07-16,6
2014-07-17,6
2014-07-18,4
2014-07-19,5
2014-07-20,3
2014-07-21,3
2014-07-22,11
2014-07-23,11
2014-07-24,8
2014-07-25,5
2014-07-26,5
2014-07-27,5
2014-07-28,5
2014-07-29,1
2014-07-30,2
2014-07-31,2
2014-08-01,4
2014-08-02,2
2014-08-03,2
2014-08-04,2
2014-08-05,1
2014-08-06,2
2014-08-07,2
2014-08-08,2
2014-08-09,3
2014-08-10,2
2014-08-11,2
2014-08-12,1
2014-08-13,1
2014-08-14,3
2014-08-15,2
2014-08-16,2
2014-08-17,1
2014-08-18,2
2014-08-19,5
2014-08-20,3
2014-08-21,3
2014-08-22,2
2014-08-23,1
2014-08-24,2
2014-08-25,1
2014-08-26,0
2014-08-27,3
2014-08-28,2
2014-08-29,1
2014-08-30,3
2014-08-31,4
2014-09-01,6
2014-09-02,2
2014-09-03,2
2014-09-04,1
2014-09-05,2
2014-09-06,1
2014-09-07,2
2014-09-08,0
2014-09-09,3
2014-09-10,2
2014-09-11,3
2014-09-12,3
2014-09-13,1
2014-09-14,0
2014-09-15,3
2014-09-16,1
2014-09-17,1
2014-09-18,0
2014-09-19,1
2014-09-20,1
2014-09-21,1
2014-09-22,0
2014-09-23,1
2014-09-24,0
2014-09-25,0
2014-09-26,1
2014-09-27,1
2014-09-28,0
2014-09-29,0
2014-09-30,1
2014-10-01,1
2014-10-02,1
2014-10-03,1
2014-10-04,0
2014-10-05,1
2014-10-06,2
2014-10-07,0
2014-10-08,0
2014-10-09,0
2014-10-10,0
2014-10-11,1
2014-10-12,1
2014-10-13,0
2014-10-14,0
2014-10-15,0
2014-10-16,0
2014-10-17,1
2014-10-18,0
2014-10-19,0
2014-10-20,2
2014-10-21,1
2014-10-22,0
2014-10-23,1
2014-10-24,1
2014-10-25,0
2014-10-26,0
2014-10-27,0
2014-10-28,0
2014-10-29,0
2014-10-30,0
2014-10-31,1
2014-11-01,0
2014-11-02,0
2014-11-03,1
2014-11-04,0
2014-11-05,0
2014-11-06,1
2014-11-07,0
2014-11-08,0
2014-11-09,0
2014-11-10,0
2014-11-11,0
2014-11-12,0
2014-11-13,0
2014-11-14,0
2014-11-15,0
2014-11-16,0
2014-11-17,0
2014-11-18,1
2014-11-19,1
2014-11-20,0
2014-11-21,0
2014-11-22,0
2014-11-23,0
2014-11-24,0
2014-11-25,0
2014-11-26,0
2014-11-27,2
2014-11-28,0
2014-11-29,0
2014-11-30,0
2014-12-01,0
2014-12-02,1
2014-12-03,0
2014-12-04,1
2014-12-05,0
2014-12-06,0
2014-12-07,0
2014-12-08,0
2014-12-09,0
2014-12-10,1
2014-12-11,1
2014-12-12,1
2014-12-13,0
2014-12-14,0
2014-12-15,1
2014-12-16,2
2014-12-17,1
2014-12-18,1
2014-12-19,0
2014-12-20,0
2014-12-21,0
2014-12-22,0
2014-12-23,0
2014-12-24,1
2014-12-25,1
2014-12-26,1
2014-12-27,3
2014-12-28,1
2014-12-29,0
2014-12-30,0
2014-12-31,0
2015-01-01,0
2015-01-02,0
2015-01-03,5
2015-01-04,3
2015-01-05,1
2015-01-06,0
2015-01-07,0
2015-01-08,0
2015-01-09,1
2015-01-10,2
2015-01-11,0
2015-01-12,0
2015-01-13,1
2015-01-14,0
2015-01-15,3
2015-01-16,4
2015-01-17,0
2015-01-18,0
2015-01-19,0
2015-01-20,3
2015-01-21,0
2015-01-22,0
2015-01-23,0
2015-01-24,0
2015-01-25,1
2015-01-26,5
2015-01-27,2
2015-01-28,10
2015-01-29,4
2015-01-30,1
2015-01-31,0
2015-02-01,0
2015-02-02,0
2015-02-03,0
2015-02-04,0
2015-02-05,0
2015-02-06,0
2015-02-07,0
2015-02-08,0
2015-02-09,0
2015-02-10,0
2015-02-11,0
2015-02-12,0
2015-02-13,2
2015-02-14,1
2015-02-15,1
2015-02-16,2
2015-02-17,0
2015-02-18,0
2015-02-19,2
2015-02-20,0
2015-02-21,1
2015-02-22,1
2015-02-23,4
2015-02-24,0
2015-02-25,0
2015-02-26,4
2015-02-27,1
2015-02-28,2
2015-03-01,10
2015-03-02,3
2015-03-03,3
2015-03-04,8
2015-03-05,0
2015-03-06,1
2015-03-07,2
2015-03-08,6
2015-03-09,2
2015-03-10,4
2015-03-11,12
2015-03-12,17
2015-03-13,8
2015-03-14,2
2015-03-15,1
2015-03-16,1
2015-03-17,1
2015-03-18,1
2015-03-19,0
2015-03-20,0
2015-03-21,0
2015-03-22,0
2015-03-23,0
2015-03-24,1
2015-03-25,2
2015-03-26,2
2015-03-27,3
2015-03-28,4
2015-03-29,6
2015-03-30,6
2015-03-31,5
2015-04-01,6
2015-04-02,2
2015-04-03,4
2015-04-04,2
2015-04-05,6
2015-04-06,1
2015-04-07,8
2015-04-08,2
2015-04-09,2
2015-04-10,1
2015-04-11,1
2015-04-12,2
2015-04-13,6
2015-04-14,1
2015-04-15,2
2015-04-16,2
2015-04-17,4
2015-04-18,8
2015-04-19,3
2015-04-20,10
2015-04-21,11
2015-04-22,7
2015-04-23,16
2015-04-24,24
2015-04-25,11
2015-04-26,1
2015-04-27,2
2015-04-28,8
2015-04-29,46
2015-04-30,15
2015-05-01,32
2015-05-02,42
2015-05-03,55
2015-05-04,84
2015-05-05,0
2015-05-06,0
2015-05-07,76
2015-05-08,251
2015-05-09,100
2015-05-10,137
2015-05-11,125
2015-05-12,246
2015-05-13,199
2015-05-14,529
2015-05-15,264
2015-05-16,50
2015-05-17,28
2015-05-18,122
2015-05-19,146
2015-05-20,22
2015-05-21,17
2015-05-22,28
2015-05-23,22
2015-05-24,37
2015-05-25,50
2015-05-26,36
2015-05-27,27
2015-05-28,28
2015-05-29,36
2015-05-30,31
2015-05-31,57
2015-06-01,41
2015-06-02,24
2015-06-03,18
2015-06-04,4
2015-06-05,12
2015-06-06,15
2015-06-07,20
2015-06-08,10
2015-06-09,24
2015-06-10,4
2015-06-11,3
2015-06-12,4
2015-06-13,8
2015-06-14,2
2015-06-15,0
2015-06-16,2
2015-06-17,14
2015-06-18,9
2015-06-19,12
2015-06-20,4
2015-06-21,25
2015-06-22,13
2015-06-23,6
2015-06-24,5
2015-06-25,2
2015-06-26,6
2015-06-27,13
2015-06-28,13
2015-06-29,8
2015-06-30,8
2015-07-01,10
2015-07-02,4
2015-07-03,6
2015-07-04,2
2015-07-05,4
2015-07-06,1
2015-07-07,4
2015-07-08,5
2015-07-09,5
2015-07-10,4
2015-07-11,11
2015-07-12,11
2015-07-13,5
2015-07-14,5
2015-07-15,4
2015-07-16,4
2015-07-17,4
2015-07-18,6
2015-07-19,5
2015-07-20,1
2015-07-21,1
2015-07-22,2
2015-07-23,3
2015-07-24,0
2015-07-25,0
2015-07-26,0
2015-07-27,0
2015-07-28,1
2015-07-29,5
2015-07-30,1
2015-07-31,0
2015-08-01,1
2015-08-02,1
2015-08-03,5
2015-08-04,1
2015-08-05,2
2015-08-06,4
2015-08-07,1
2015-08-08,1
2015-08-09,1
2015-08-10,1
2015-08-11,2
2015-08-12,1
2015-08-13,3
2015-08-14,0
2015-08-15,1
2015-08-16,0
2015-08-17,0
2015-08-18,1
2015-08-19,2
2015-08-20,3
2015-08-21,2
2015-08-22,1
2015-08-23,2
2015-08-24,1
2015-08-25,0
2015-08-26,1
2015-08-27,1
2015-08-28,1
2015-08-29,1
2015-08-30,3
2015-08-31,0
2015-09-01,0
2015-09-02,1
2015-09-03,0
2015-09-04,1
2015-09-05,2
2015-09-06,1
2015-09-07,2
2015-09-08,1
2015-09-09,0
2015-09-10,2
2015-09-11,1
2015-09-12,1
2015-09-13,3
2015-09-14,1
2015-09-15,3
2015-09-16,2
2015-09-17,1
2015-09-18,1
2015-09-19,3
2015-09-20,3
2015-09-21,1
2015-09-22,3
2015-09-23,2
2015-09-24,0
2015-09-25,1
2015-09-26,1
2015-09-27,3
2015-09-28,0
2015-09-29,0
2015-09-30,0
2015-10-01,0
2015-10-02,0
2015-10-03,0
2015-10-04,0
2015-10-05,1
2015-10-06,1
2015-10-07,0
2015-10-08,1
2015-10-09,1
2015-10-10,1
2015-10-11,0
2015-10-12,1
2015-10-13,1
2015-10-14,0
2015-10-15,1
2015-10-16,0
2015-10-17,0
2015-10-18,1
2015-10-19,0
2015-10-20,1
2015-10-21,0
2015-10-22,0
2015-10-23,0
2015-10-24,0
2015-10-25,0
2015-10-26,0
2015-10-27,1
2015-10-28,0
2015-10-29,0
2015-10-30,0
2015-10-31,1
2015-11-01,0
2015-11-02,0
2015-11-03,0
2015-11-04,0
2015-11-05,0
2015-11-06,0
2015-11-07,0
2015-11-08,0
2015-11-09,0
2015-11-10,0
2015-11-11,1
2015-11-12,0
2015-11-13,1
2015-11-14,2
2015-11-15,0
2015-11-16,0
2015-11-17,0
2015-11-18,1
2015-11-19,1
2015-11-20,2
2015-11-21,0
2015-11-22,0
2015-11-23,0
2015-11-24,0
2015-11-25,1
2015-11-26,1
2015-11-27,0
2015-11-28,0
2015-11-29,0
2015-11-30,0
2015-12-01,1
2015-12-02,0
2015-12-03,0
2015-12-04,0
2015-12-05,1
2015-12-06,0
2015-12-07,0
2015-12-08,0
2015-12-09,0
2015-12-10,0
2015-12-11,0
2015-12-12,0
2015-12-13,0
2015-12-14,0
2015-12-15,0
2015-12-16,0
2015-12-17,0
2015-12-18,0
2015-12-19,1
2015-12-20,3
2015-12-21,0
2015-12-22,0
2015-12-23,1
2015-12-24,0
2015-12-25,0
2015-12-26,0
2015-12-27,0
2015-12-28,0
2015-12-29,0
2015-12-30,0
2015-12-31,0
2016-01-01,1
2016-01-02,1
2016-01-03,1
2016-01-04,0
2016-01-05,0
2016-01-06,0
2016-01-07,1
2016-01-08,0
2016-01-09,0
2016-01-10,0
2016-01-11,1
2016-01-12,1
2016-01-13,0
2016-01-14,0
2016-01-15,0
2016-01-16,0
2016-01-17,0
2016-01-18,2
2016-01-19,1
2016-01-20,0
2016-01-21,2
2016-01-22,0
2016-01-23,0
2016-01-24,0
2016-01-25,0
2016-01-26,0
2016-01-27,0
2016-01-28,1
2016-01-29,1
2016-01-30,3
2016-01-31,14
2016-02-01,3
2016-02-02,9
2016-02-03,1
2016-02-04,0
2016-02-05,0
2016-02-06,1
2016-02-07,1
2016-02-08,0
2016-02-09,1
2016-02-10,2
2016-02-11,1
2016-02-12,1
2016-02-13,2
2016-02-14,3
2016-02-15,0
2016-02-16,1
2016-02-17,1
2016-02-18,0
2016-02-19,0
2016-02-20,0
2016-02-21,0
2016-02-22,1
2016-02-23,4
2016-02-24,4
2016-02-25,1
2016-02-26,1
2016-02-27,1
2016-02-28,0
2016-02-29,1
2016-03-01,4
2016-03-02,2
2016-03-03,1
2016-03-04,3
2016-03-05,1
2016-03-06,1
2016-03-07,0
2016-03-08,0
2016-03-09,4
2016-03-10,1
2016-03-11,0
2016-03-12,4
2016-03-13,1
2016-03-14,2
2016-03-15,5
2016-03-16,1
2016-03-17,9
2016-03-18,5
2016-03-19,0
2016-03-20,0
2016-03-21,0
2016-03-22,1
2016-03-23,1
2016-03-24,2
2016-03-25,5
2016-03-26,6
2016-03-27,5
2016-03-28,2
2016-03-29,1
2016-03-30,5
2016-03-31,3
2016-04-01,0
2016-04-02,3
2016-04-03,3
2016-04-04,1
2016-04-05,1
2016-04-06,1
2016-04-07,1
2016-04-08,2
2016-04-09,3
2016-04-10,4
2016-04-11,1
2016-04-12,0
2016-04-13,3
2016-04-14,3
2016-04-15,5
2016-04-16,1
2016-04-17,7
2016-04-18,4
2016-04-19,1
2016-04-20,0
2016-04-21,3
2016-04-22,2
2016-04-23,4
2016-04-24,1
2016-04-25,4
2016-04-26,12
2016-04-27,10
2016-04-28,3
2016-04-29,2
2016-04-30,2
2016-05-01,2
2016-05-02,3
2016-05-03,2
2016-05-04,8
2016-05-05,3
2016-05-06,2
2016-05-07,2
2016-05-08,0
2016-05-09,0
2016-05-10,2
2016-05-11,4
2016-05-12,5
2016-05-13,4
2016-05-14,9
2016-05-15,8
2016-05-16,16
2016-05-17,37
2016-05-18,51
2016-05-19,34
2016-05-20,48
2016-05-21,114
2016-05-22,143
2016-05-23,60
2016-05-24,212
2016-05-25,126
2016-05-26,125
2016-05-27,298
2016-05-28,145
2016-05-29,46
2016-05-30,52
2016-05-31,0
2016-06-01,0
2016-06-02,42
2016-06-03,0
2016-06-04,0
2016-06-05,0
2016-06-06,0
2016-06-07,0
2016-06-08,138
2016-06-09,0
2016-06-10,0
2016-06-11,0
2016-06-12,0
2016-06-13,0
2016-06-14,0
2016-06-15,0
2016-06-16,0
2016-06-17,0
2016-06-18,0
2016-06-19,0
2016-06-20,0
2016-06-21,0
2016-06-22,21
2016-06-23,33
2016-06-24,52
2016-06-25,59
2016-06-26,32
2016-06-27,16
2016-06-28,30
2016-06-29,39
2016-06-30,102
2016-07-01,69
2016-07-02,110
2016-07-03,29
2016-07-04,21
2016-07-05,36
2016-07-06,12
2016-07-07,7
2016-07-08,8
2016-07-09,7
2016-07-10,6
2016-07-11,15
2016-07-12,34
2016-07-13,11
2016-07-14,11
2016-07-15,5
2016-07-16,7
2016-07-17,1
2016-07-18,6
2016-07-19,9
2016-07-20,3
2016-07-21,7
2016-07-22,12
2016-07-23,2
2016-07-24,3
2016-07-25,4
2016-07-26,3
2016-07-27,4
2016-07-28,2
2016-07-29,1
2016-07-30,5
2016-07-31,1
2016-08-01,1
2016-08-02,3
2016-08-03,2
2016-08-04,10
2016-08-05,4
2016-08-06,5
2016-08-07,1
2016-08-08,5
2016-08-09,4
2016-08-10,4
2016-08-11,2
2016-08-12,1
2016-08-13,1
2016-08-14,3
2016-08-15,3
2016-08-16,3
2016-08-17,4
2016-08-18,3
2016-08-19,4
2016-08-20,3
2016-08-21,2
2016-08-22,2
2016-08-23,2
2016-08-24,2
2016-08-25,0
2016-08-26,3
2016-08-27,0
2016-08-28,4
2016-08-29,4
2016-08-30,2
2016-08-31,3
2016-09-01,5
2016-09-02,3
2016-09-03,1
2016-09-04,1
2016-09-05,4
2016-09-06,2
2016-09-07,1
2016-09-08,3
2016-09-09,5
2016-09-10,2
2016-09-11,2
2016-09-12,5
2016-09-13,3
2016-09-14,1
2016-09-15,2
2016-09-16,1
2016-09-17,0
2016-09-18,1
2016-09-19,2
2016-09-20,3
2016-09-21,0
2016-09-22,1
2016-09-23,0
2016-09-24,1
2016-09-25,3
2016-09-26,0
2016-09-27,1
2016-09-28,2
2016-09-29,1
2016-09-30,0
2016-10-01,1
2016-10-02,0
2016-10-03,2
2016-10-04,0
2016-10-05,1
2016-10-06,0
2016-10-07,1
2016-10-08,2
2016-10-09,1
2016-10-10,1
2016-10-11,1
2016-10-12,1
2016-10-13,0
2016-10-14,0
2016-10-15,0
2016-10-16,1
2016-10-17,0
2016-10-18,0
2016-10-19,0
2016-10-20,0
2016-10-21,1
2016-10-22,0
2016-10-23,0
2016-10-24,0
2016-10-25,0
2016-10-26,0
2016-10-27,0
2016-10-28,0
2016-10-29,0
2016-10-30,0
2016-10-31,0
2016-11-01,1
2016-11-02,0
2016-11-03,0
2016-11-04,0
2016-11-05,0
2016-11-06,0
2016-11-07,0
2016-11-08,0
2016-11-09,0
2016-11-10,0
2016-11-11,0
2016-11-12,0
2016-11-13,0
2016-11-14,0
2016-11-15,0
2016-11-16,0
2016-11-17,0
2016-11-18,0
2016-11-19,0
2016-11-20,0
2016-11-21,1
2016-11-22,1
2016-11-23,1
2016-11-24,0
2016-11-25,0
2016-11-26,0
2016-11-27,0
2016-11-28,0
2016-11-29,0
2016-11-30,1
2016-12-01,0
2016-12-02,0
2016-12-03,0
2016-12-04,0
2016-12-05,0
2016-12-06,0
2016-12-07,0
2016-12-08,0
2016-12-09,0
2016-12-10,0
2016-12-11,0
2016-12-12,0
2016-12-13,0
2016-12-14,0
2016-12-15,0
2016-12-16,0
2016-12-17,0
2016-12-18,0
2016-12-19,1
2016-12-20,0
2016-12-21,1
2016-12-22,2
2016-12-23,0
2016-12-24,0
2016-12-25,0
2016-12-26,1
2016-12-27,0
2016-12-28,0
2016-12-29,0
2016-12-30,0
2016-12-31,0
2017-01-01,0
2017-01-09,0
2017-01-10,2
2017-01-11,0
2017-01-12,4
2017-01-13,2
2017-01-14,1
2017-01-15,0
2017-01-16,1
2017-01-17,1
2017-01-18,0
2017-01-19,0
2017-01-20,0
2017-01-21,1
2017-01-22,0
2017-01-23,1
2017-01-24,4
2017-01-25,2
2017-01-26,1
2017-01-27,1
2017-01-28,1
2017-01-29,0
2017-01-30,3
2017-01-31,0
2017-02-01,0
2017-02-02,0
2017-02-03,3
2017-02-04,1
2017-02-05,4
2017-02-06,0
2017-02-07,3
2017-02-08,4
2017-02-09,4
2017-02-10,0
2017-02-11,0
2017-02-12,0
2017-02-13,2
2017-02-14,1
2017-02-15,2
2017-02-16,2
2017-02-17,1
2017-02-18,4
2017-02-19,2
2017-02-20,2
2017-02-21,0
2017-02-22,1
2017-02-23,0
2017-02-24,3
2017-02-25,12
2017-02-26,4
2017-02-27,6
2017-02-28,2
2017-03-01,3
2017-03-02,3
2017-03-03,3
2017-03-04,0
2017-03-05,1
2017-03-06,0
2017-03-07,0
2017-03-08,0
2017-03-09,5
2017-03-10,2
2017-03-11,4
2017-03-12,5
2017-03-13,0
2017-03-14,0
2017-03-15,0
2017-03-16,1
2017-03-17,2
2017-03-18,1
2017-03-19,12
2017-03-20,4
2017-03-21,8
2017-03-22,3
2017-03-23,0
2017-03-24,1
2017-03-25,0
2017-03-26,1
2017-03-27,2
2017-03-28,2
2017-03-29,5
2017-03-30,5
2017-03-31,5
2017-04-01,2
2017-04-02,9
2017-04-03,0
2017-04-04,2
2017-04-05,1
2017-04-06,0
2017-04-07,1
2017-04-08,3
2017-04-09,3
2017-04-10,3
2017-04-11,2
2017-04-12,5
2017-04-13,6
2017-04-14,9
2017-04-15,9
2017-04-16,3
2017-04-17,9
2017-04-18,8
2017-04-19,4
2017-04-20,3
2017-04-21,2
2017-04-22,3
2017-04-23,11
2017-04-24,14
2017-04-25,43
2017-04-26,7
2017-04-27,6
2017-04-28,3
2017-04-29,1
2017-04-30,8
2017-05-01,3
2017-05-02,19
2017-05-03,29
2017-05-04,19
2017-05-05,42
2017-05-06,43
2017-05-07,25
2017-05-08,20
2017-05-09,129
2017-05-10,56
2017-05-11,3
2017-05-12,3
2017-05-13,52
2017-05-14,130
2017-05-15,33
2017-05-16,35
2017-05-17,35
2017-05-18,9
2017-05-19,21
2017-05-20,17
2017-05-21,31
2017-05-22,51
2017-05-23,36
2017-05-24,28
2017-05-25,43
2017-05-26,102
2017-05-27,135
2017-05-28,48
2017-05-29,95
2017-05-30,35
2017-05-31,18
2017-06-01,20
2017-06-02,33
2017-06-03,19
2017-06-04,29
2017-06-05,10
2017-06-06,21
2017-06-07,12
2017-06-08,17
2017-06-09,46
2017-06-10,23
2017-06-11,19
2017-06-12,9
2017-06-13,14
2017-06-14,13
2017-06-15,21
2017-06-16,10
2017-06-17,10
2017-06-18,10
2017-06-19,16
2017-06-20,4
2017-06-21,4
2017-06-22,5
2017-06-23,7
2017-06-24,8
2017-06-25,10
2017-06-26,2
2017-06-27,4
2017-06-28,10
2017-06-29,2
2017-06-30,4
2017-07-01,1
2017-07-02,2
2017-07-03,6
2017-07-04,3
2017-07-05,3
2017-07-06,3
2017-07-07,1
2017-07-08,1
2017-07-09,3
2017-07-10,2
2017-07-11,3
2017-07-12,3
2017-07-13,2
2017-07-14,4
2017-07-15,4
2017-07-16,1
2017-07-17,1
2017-07-18,3
2017-07-19,2
2017-07-20,3
2017-07-21,5
2017-07-22,3
2017-07-23,4
2017-07-24,2
2017-07-25,2
2017-07-26,2
2017-07-27,0
2017-07-28,2
2017-07-29,1
2017-07-30,2
2017-07-31,2
2017-08-01,2
2017-08-02,2
2017-08-03,2
2017-08-04,1
2017-08-05,2
2017-08-06,3
2017-08-07,3
2017-08-08,4
2017-08-09,2
2017-08-10,2
2017-08-11,1
2017-08-12,2
2017-08-13,1
2017-08-14,2
2017-08-15,2
2017-08-16,2
2017-08-17,0
2017-08-18,0
2017-08-19,1
2017-08-20,1
2017-08-21,1
2017-08-22,2
2017-08-23,3
2017-08-24,1
2017-08-25,1
2017-08-26,4
2017-08-27,4
2017-08-28,1
2017-08-29,1
2017-08-30,2
2017-08-31,1
2017-09-01,3
2017-09-02,1
2017-09-03,1
2017-09-04,1
2017-09-05,4
2017-09-06,2
2017-09-07,2
2017-09-08,2
2017-09-09,1
2017-09-10,2
2017-09-11,0
2017-09-12,0
2017-09-13,0
2017-09-14,2
2017-09-15,5
2017-09-16,2
2017-09-17,1
2017-09-18,1
2017-09-19,1
2017-09-20,0
2017-09-21,2
2017-09-22,4
2017-09-23,2
2017-09-24,1
2017-09-25,1
2017-09-26,2
2017-09-27,0
2017-09-28,0
2017-09-29,2
2017-09-30,0
2017-10-01,0
2017-10-02,0
2017-10-03,2
2017-10-04,0
2017-10-05,2
2017-10-06,0
2017-10-07,0
2017-10-08,1
2017-10-09,1
2017-10-10,1
2017-10-11,0
2017-10-12,1
2017-10-13,1
2017-10-14,0
2017-10-15,2
2017-10-16,0
2017-10-17,0
2017-10-18,0
2017-10-19,1
2017-10-20,0
2017-10-21,0
2017-10-22,1
2017-10-23,0
2017-10-24,1
2017-10-25,0
2017-10-26,0
2017-10-27,0
2017-10-28,0
2017-10-29,1
2017-10-30,0
2017-10-31,0
2017-11-01,1
2017-11-02,0
2017-11-03,0
2017-11-04,1
2017-11-05,0
2017-11-06,0
2017-11-07,0
2017-11-08,0
2017-11-09,0
2017-11-10,0
2017-11-11,0
2017-11-12,1
2017-11-13,2
2017-11-14,1
2017-11-15,0
2017-11-16,0
2017-11-17,0
2017-11-18,0
2017-11-19,0
2017-11-20,0
2017-11-21,1
2017-11-22,0
2017-11-23,0
2017-11-24,0
2017-11-25,0
2017-11-26,0
2017-11-27,0
2017-11-28,1
2017-11-29,1
2017-11-30,0
2017-12-05,0
2017-12-06,0
2017-12-07,0
2017-12-08,0
2017-12-09,0
2017-12-10,0
2017-12-11,0
2017-12-12,0
2017-12-13,0
2017-12-14,0
2017-12-15,0
2017-12-16,0
2017-12-17,0
2017-12-18,0
2017-12-19,0
2017-12-20,0
2017-12-21,0
2017-12-22,0
2017-12-23,0
2017-12-24,0
2017-12-25,0
2017-12-26,0
2017-12-27,0
2017-12-28,1
2017-12-29,0
2017-12-30,0
2017-12-31,0
2018-01-01,0
2018-01-02,0
2018-01-03,0
2018-01-04,0
2018-01-05,0
2018-01-06,0
2018-01-07,0
2018-01-08,0
2018-01-09,0
2018-01-10,0
2018-01-11,0
2018-01-12,0
2018-01-13,0
2018-01-14,0
2018-01-15,0
2018-01-16,0
2018-01-17,0
2018-01-18,0
2018-01-19,0
2018-01-20,0
2018-01-21,0
2018-01-22,0
2018-01-23,1
2018-01-24,1
2018-01-25,0
2018-01-26,0
2018-01-27,0
2018-01-28,0
2018-01-29,0
2018-01-30,0
2018-01-31,0
2018-02-01,0
2018-02-02,0
2018-02-03,0
2018-02-04,0
2018-02-05,0
2018-02-06,0
2018-02-07,1
2018-02-08,0
2018-02-09,0
2018-02-10,0
2018-02-11,0
2018-02-12,0
2018-02-13,0
2018-02-14,0
2018-02-15,0
2018-02-16,1
2018-02-17,0
2018-02-18,0
2018-02-19,1
2018-02-20,0
2018-02-21,0
2018-02-22,0
2018-02-23,0
2018-02-24,2
2018-02-25,5
2018-02-26,1
2018-02-27,0
2018-02-28,0
2018-03-01,1
2018-03-02,0
2018-03-03,2
2018-03-04,1
2018-03-05,1
2018-03-06,1
2018-03-07,3
2018-03-08,2
2018-03-09,0
2018-03-10,0
2018-03-11,0
2018-03-12,1
2018-03-13,2
2018-03-14,1
2018-03-15,3
2018-03-16,2
2018-03-17,2
2018-03-18,4
2018-03-19,1
2018-03-20,1
2018-03-21,1
2018-03-22,1
2018-03-23,6
2018-03-24,2
2018-03-25,0
2018-03-26,1
2018-03-27,10
2018-03-28,9
2018-03-29,1
2018-03-30,3
2018-03-31,1
2018-04-01,0
2018-04-02,5
2018-04-03,2
2018-04-04,2
2018-04-05,1
2018-04-06,1
2018-04-07,3
2018-04-08,0
2018-04-09,0
2018-04-10,0
2018-04-11,2
2018-04-12,5
2018-04-13,2
2018-04-14,2
2018-04-15,3
2018-04-16,7
2018-04-17,9
2018-04-18,8
2018-04-19,2
2018-04-20,4
2018-04-21,5
2018-04-22,5
2018-04-23,6
2018-04-24,5
2018-04-25,5
2018-04-26,9
2018-04-27,23
2018-04-28,12
2018-04-29,5
2018-04-30,2
2018-05-01,2
2018-05-02,6
2018-05-03,8
2018-05-04,9
2018-05-05,11
2018-05-06,7
2018-05-07,4
2018-05-08,2
2018-05-09,8
2018-05-10,16
2018-05-11,94
2018-05-12,58
2018-05-13,11
2018-05-14,10
2018-05-15,15
2018-05-16,26
2018-05-17,41
2018-05-18,28
2018-05-19,17
2018-05-20,30
2018-05-21,50
2018-05-22,65
2018-05-23,44
2018-05-24,59
2018-05-25,6
2018-05-26,60
2018-05-27,26
2018-05-28,29
2018-05-29,19
2018-05-30,61
2018-05-31,52
2018-06-01,92
2018-06-02,22
2018-06-03,75
2018-06-04,81
2018-06-05,19
2018-06-06,4
2018-06-07,79
2018-06-08,21
2018-06-09,20
2018-06-10,36
2018-06-11,18
2018-06-12,31
2018-06-13,55
2018-06-14,32
2018-06-15,47
2018-06-16,56
2018-06-17,79
2018-06-18,51
2018-06-19,44
2018-06-20,27
2018-06-21,32
2018-06-22,13
2018-06-23,29
2018-06-24,26
2018-06-25,51
2018-06-26,99
2018-06-27,60
2018-06-28,35
2018-06-29,18
2018-06-30,15
2018-07-01,11
2018-07-02,12
2018-07-03,25
2018-07-04,23
2018-07-05,42
2018-07-06,13
2018-07-07,15
2018-07-08,18
2018-07-09,41
2018-07-10,49
2018-07-11,34
2018-07-12,16
2018-07-13,11
2018-07-14,10
2018-07-15,6
2018-07-16,11
2018-07-17,10
2018-07-18,10
2018-07-19,10
2018-07-20,16
2018-07-21,4
2018-07-22,5
2018-07-23,9
2018-07-24,5
2018-07-25,2
2018-07-26,8
2018-07-27,11
2018-07-28,9
2018-07-29,3
2018-07-30,8
2018-07-31,5
2018-08-01,2
2018-08-02,2
2018-08-03,3
2018-08-04,5
2018-08-05,3
2018-08-06,2
2018-08-07,2
2018-08-08,6
2018-08-09,9
2018-08-10,5
2018-08-11,3
2018-08-12,2
2018-08-13,2
2018-08-14,1
2018-08-15,3
2018-08-16,3
2018-08-17,2
2018-08-18,2
2018-08-19,1
2018-08-20,1
2018-08-21,2
2018-08-22,4
2018-08-23,3
2018-08-24,2
2018-08-25,4
2018-08-26,2
2018-08-27,2
2018-08-28,1
2018-08-29,3
2018-08-30,0
2018-08-31,1
2018-09-01,0
2018-09-02,2
2018-09-03,2
2018-09-04,1
2018-09-05,2
2018-09-06,1
2018-09-07,0
2018-09-08,1
2018-09-09,1
2018-09-10,2
2018-09-11,2
2018-09-12,2
2018-09-13,2
2018-09-14,1
2018-09-15,1
2018-09-16,0
2018-09-17,0
2018-09-18,1
2018-09-19,0
2018-09-20,1
2018-09-21,1
2018-09-22,1
2018-09-23,1
2018-09-24,1
2018-09-25,2
2018-09-26,1
2018-09-27,1
2018-09-28,2
2018-09-29,0
2018-09-30,0
2018-10-01,1
2018-10-02,1
2018-10-03,0
2018-10-04,1
2018-10-05,0
2018-10-06,0
2018-10-07,1
2018-10-08,0
2018-10-09,0
2018-10-10,0
2018-10-11,0
2018-10-12,1
2018-10-13,1
2018-10-14,1
2018-10-15,1
2018-10-16,0
2018-10-17,0
2018-10-18,0
2018-10-19,0
2018-10-20,0
2018-10-21,0
2018-10-22,0
2018-10-23,1
2018-10-24,1
2018-10-25,0
2018-10-26,0
2018-10-27,0
2018-10-28,0
2018-10-29,2
2018-10-30,0
2018-10-31,0
2018-11-01,0
2018-11-02,0
2018-11-03,0
2018-11-04,0
2018-11-05,0
2018-11-06,0
2018-11-07,0
2018-11-08,0
2018-11-09,0
2018-11-10,0
2018-11-11,0
2018-11-12,0
2018-11-13,0
2018-11-14,0
2018-11-15,0
2018-11-16,1
2018-11-17,0
2018-11-18,0
2018-11-19,0
2018-11-20,0
2018-11-21,0
2018-11-22,0
2018-11-23,0
2018-11-24,0
2018-11-25,0
2018-11-26,0
2018-11-27,0
2018-11-28,0
2018-11-29,0
2018-11-30,0
2018-12-01,0
2018-12-02,1
2018-12-03,0
2018-12-04,0
2018-12-05,0
2018-12-06,0
2018-12-07,0
2018-12-08,0
2018-12-09,0
2018-12-10,0
2018-12-11,1
2018-12-12,0
2018-12-13,1
2018-12-14,0
2018-12-15,0
2018-12-16,2
2018-12-17,0
2018-12-18,0
2018-12-19,1
2018-12-20,1
2018-12-21,0
2018-12-22,0
2018-12-23,0
2018-12-24,0
2018-12-25,0
2018-12-26,0
2018-12-27,3
2018-12-28,1
2018-12-29,0
2018-12-30,0
2018-12-31,1
2019-01-01,4
2019-01-02,6
2019-01-03,1
2019-01-04,4
2019-01-05,2
2019-01-06,2
2019-01-07,1
2019-01-08,1
2019-01-09,2
2019-01-10,0
2019-01-11,0
2019-01-12,1
2019-01-13,3
2019-01-14,2
2019-01-15,3
2019-01-16,2
2019-01-17,1
2019-01-18,2
2019-01-19,0
2019-01-20,0
2019-01-21,0
2019-01-22,0
2019-01-23,2
2019-01-24,1
2019-01-25,2
2019-01-26,8
2019-01-27,3
2019-01-28,2
2019-01-29,5
2019-01-30,2
2019-01-31,1
2019-02-01,4
2019-02-02,0
2019-02-03,0
2019-02-04,2
2019-02-05,2
2019-02-06,12
2019-02-07,10
2019-02-08,15
2019-02-09,11
2019-02-10,4
2019-02-11,1
2019-02-12,2
2019-02-13,2
2019-02-14,1
2019-02-15,2
2019-02-16,1
2019-02-17,1
2019-02-18,1
2019-02-19,2
2019-02-20,2
2019-02-21,3
2019-02-22,5
2019-02-23,10
2019-02-24,2
2019-02-25,3
2019-02-26,1
2019-02-27,2
2019-02-28,11
2019-03-01,7
2019-03-02,17
2019-03-03,10
2019-03-04,5
2019-03-05,1
2019-03-06,1
2019-03-07,0
2019-03-08,1
2019-03-09,2
2019-03-10,9
2019-03-11,4
2019-03-12,8
2019-03-13,5
2019-03-14,2
2019-03-15,3
2019-03-16,6
2019-03-17,10
2019-03-18,4
2019-03-19,3
2019-03-20,4
2019-03-21,2
2019-03-22,5
2019-03-23,1
2019-03-24,2
2019-03-25,4
2019-03-26,5
2019-03-27,6
2019-03-28,2
2019-03-29,4
2019-03-30,1
2019-03-31,3
2019-04-01,0
2019-04-02,1
2019-04-03,6
2019-04-04,2
2019-04-05,3
2019-04-06,1
2019-04-07,1
2019-04-08,0
2019-04-09,2
2019-04-10,2
2019-04-11,3
2019-04-12,4
2019-04-13,3
2019-04-14,18
2019-04-15,8
2019-04-16,3
2019-04-17,10
2019-04-18,1
2019-04-19,1
2019-04-20,3
2019-04-21,4
2019-04-22,4
2019-04-23,4
2019-04-24,0
2019-04-25,1
2019-04-26,2
2019-04-27,1
2019-04-28,8
2019-04-29,8
2019-04-30,5
2019-05-01,15
2019-05-02,8
2019-05-03,2
2019-05-04,0
2019-05-05,4
2019-05-06,55
2019-05-07,100
2019-05-08,32
2019-05-09,29
2019-05-10,45
2019-05-11,18
2019-05-12,29
2019-05-13,42
2019-05-14,59
2019-05-15,123
2019-05-16,95
2019-05-17,46
2019-05-18,19
2019-05-19,45
2019-05-20,44
2019-05-21,48
2019-05-22,79
2019-05-23,171
2019-05-24,68
2019-05-25,28
2019-05-26,18
2019-05-27,31
2019-05-28,41
2019-05-29,26
2019-05-30,20
2019-05-31,29
2019-06-01,23
2019-06-02,23
2019-06-03,56
2019-06-04,41
2019-06-05,30
2019-06-06,11
2019-06-07,10
2019-06-08,21
2019-06-09,21
2019-06-10,15
2019-06-11,12
2019-06-12,6
2019-06-13,14
2019-06-14,17
2019-06-15,10
2019-06-16,9
2019-06-17,11
2019-06-18,9
2019-06-19,12
2019-06-20,10
2019-06-21,9
2019-06-22,7
2019-06-23,6
2019-06-24,12
2019-06-25,9
2019-06-26,6
2019-06-27,10
2019-06-28,2
2019-06-29,7
2019-06-30,10
2019-07-01,6
2019-07-02,5
2019-07-03,3
2019-07-04,6
2019-07-05,3
2019-07-06,4
2019-07-07,1
2019-07-08,3
2019-07-09,3
2019-07-10,4
2019-07-11,3
2019-07-12,3
2019-07-13,7
2019-07-14,3
2019-07-15,7
2019-07-16,2
2019-07-17,4
2019-07-18,3
2019-07-19,3
2019-07-20,2
2019-07-21,6
2019-07-22,5
2019-07-23,6
2019-07-24,2
2019-07-25,3
2019-07-26,2
2019-07-27,4
2019-07-28,1
2019-07-29,2
2019-07-30,3
2019-07-31,3
2019-08-01,1
2019-08-02,1
2019-08-03,0
2019-08-04,1
2019-08-05,2
2019-08-06,0
2019-08-07,2
2019-08-08,1
2019-08-09,1
2019-08-10,1
2019-08-11,1
2019-08-12,0
2019-08-13,1
2019-08-14,2
2019-08-15,1
2019-08-16,1
2019-08-17,2
2019-08-18,1
2019-08-19,2
2019-08-20,1
2019-08-21,1
2019-08-22,1
2019-08-23,0
2019-08-24,2
2019-08-25,4
2019-08-26,1
2019-08-27,1
2019-08-28,0
2019-08-29,1
2019-08-30,1
2019-08-31,2
2019-09-01,1
2019-09-02,1
2019-09-03,3
2019-09-04,3
2019-09-05,4
2019-09-06,3
2019-09-07,3
2019-09-08,2
2019-09-09,4
2019-09-10,2
2019-09-11,1
2019-09-12,4
2019-09-13,1
2019-09-14,1
2019-09-15,1
2019-09-16,0
2019-09-17,3
2019-09-18,2
2019-09-19,2
2019-09-20,1
2019-09-21,1
2019-09-22,1
2019-09-23,1
2019-09-24,2
2019-09-25,2
2019-09-26,0
2019-09-27,1
2019-09-28,1
2019-09-29,1
2019-09-30,1
2019-10-01,2
2019-10-02,2
2019-10-03,2
2019-10-04,1
2019-10-05,1
2019-10-06,1
2019-10-07,3
2019-10-08,3
2019-10-09,1
2019-10-10,1
2019-10-11,0
2019-10-12,1
2019-10-13,1
2019-10-14,1
2019-10-15,2
2019-10-16,2
2019-10-17,0
2019-10-18,1
2019-10-19,0
2019-10-20,0
2019-10-21,0
2019-10-22,1
2019-10-23,0
2019-10-24,0
2019-10-25,0
2019-10-26,0
2019-10-27,0
2019-10-28,0
2019-10-29,0
2019-10-30,0
2019-10-31,0
2019-11-01,1
2019-11-02,0
2019-11-03,0
2019-11-04,0
2019-11-05,0
2019-11-06,0
2019-11-07,0
2019-11-08,0
2019-11-09,0
2019-11-10,0
2019-11-11,0
2019-11-12,0
2019-11-13,1
2019-11-14,0
2019-11-15,0
2019-11-16,0
2019-11-17,0
2019-11-18,1
2019-11-19,0
2019-11-20,0
2019-11-21,0
2019-11-22,0
2019-11-23,0
2019-11-24,0
2019-11-25,1
2019-11-26,1
2019-11-27,0
2019-11-28,0
2019-11-29,0
2019-11-30,0
2019-12-01,0
2019-12-02,0
2019-12-03,0
2019-12-04,0
2019-12-05,0
2019-12-06,1
2019-12-07,0
2019-12-08,0
2019-12-09,4
2019-12-10,0
2019-12-11,0
2019-12-12,0
2019-12-13,0
2019-12-14,0
2019-12-15,0
2019-12-16,1
2019-12-17,1
2019-12-18,1
2019-12-19,1
2019-12-20,1
2019-12-21,0
2019-12-22,0
2019-12-23,1
2019-12-24,0
2019-12-25,0
2019-12-26,0
2019-12-27,0
2019-12-28,0
2019-12-29,0
2019-12-30,0
2019-12-31,1
2020-01-01,0
2020-01-02,1
2020-01-03,0
2020-01-04,0
2020-01-05,0
2020-01-06,0
2020-01-07,2
2020-01-08,0
2020-01-09,3
2020-01-10,1
2020-01-11,1
2020-01-12,1
2020-01-13,0
2020-01-14,0
2020-01-15,1
2020-01-16,3
2020-01-17,3
2020-01-18,1
2020-01-19,1
2020-01-20,1
2020-01-21,0
2020-01-22,0
2020-01-23,0
2020-01-24,0
2020-01-25,0
2020-01-26,6
2020-01-27,1
2020-01-28,1
2020-01-29,2
2020-01-30,2
2020-01-31,2
2020-02-01,7
2020-02-02,2
2020-02-03,2
2020-02-04,5
2020-02-05,1
2020-02-06,1
2020-02-07,1
2020-02-08,1
2020-02-09,5
2020-02-10,15
2020-02-11,4
2020-02-12,5
2020-02-13,14
2020-02-14,5
2020-02-15,3
2020-02-16,5
2020-02-17,8
2020-02-18,2
2020-02-19,2
2020-02-20,1
2020-02-21,2
2020-02-22,5
2020-02-23,3
2020-02-24,12
2020-02-25,14
2020-02-26,6
2020-02-27,6
2020-02-28,5
2020-02-29,2
2020-03-01,4
2020-03-02,2
2020-03-03,1
2020-03-04,2
2020-03-05,4
2020-03-06,3
2020-03-07,1
2020-03-08,6
2020-03-09,4
2020-03-10,4
2020-03-11,2
2020-03-12,1
2020-03-13,8
2020-03-14,2
2020-03-15,8
2020-03-16,4
2020-03-17,4
2020-03-18,9
2020-03-19,0
2020-03-20,0
2020-03-21,0
2020-03-22,0
2020-03-23,0
2020-03-24,0
2020-03-25,0
2020-03-26,0
2020-03-27,0
2020-03-28,0
2020-03-29,0
2020-03-30,0
2020-03-31,0
2020-04-01,0
2020-04-02,0
2020-04-03,0
2020-04-04,0
2020-04-05,0
2020-04-06,0
2020-04-07,0
2020-04-08,0
2020-04-09,0
2020-04-10,0
2020-04-11,0
2020-04-12,0
2020-05-25,0
2020-05-26,22
2020-05-27,39
2020-05-28,41
2020-05-29,32
2020-05-30,53
2020-05-31,72
2020-06-01,16
2020-06-02,62
2020-06-03,119
2020-06-04,68
2020-06-05,32
2020-06-06,85
2020-06-07,58
2020-06-08,11
2020-06-09,5
2020-06-10,40
2020-06-11,113
2020-06-12,21
2020-06-13,34
2020-06-14,24
2020-06-15,54
2020-06-16,24
2020-06-17,39
2020-06-18,25
2020-06-19,41
2020-06-20,56
2020-06-21,46
2020-06-22,39
2020-06-23,19
2020-06-24,9
2020-06-25,9
2020-06-26,21
2020-06-27,66
2020-06-28,38
2020-06-29,41
2020-06-30,23
2020-07-01,28
2020-07-02,45
2020-07-03,21
2020-07-04,21
2020-07-05,22
2020-07-06,21
2020-07-07,30
2020-07-08,37
2020-07-09,9
2020-07-10,4
2020-07-11,6
2020-07-12,3
2020-07-13,2
2020-07-14,9
2020-07-15,2
2020-07-16,5
2020-07-17,8
2020-07-18,4
2020-07-19,9
2020-07-20,3
2020-07-21,3
2020-07-22,1
2020-07-23,3
2020-07-24,6
2020-07-25,3
2020-07-26,4
2020-07-27,3
2020-07-28,3
2020-07-29,2
2020-07-30,6
2020-07-31,2
2020-08-01,0
2020-08-02,2
2020-08-03,1
2020-08-04,0
2020-08-05,3
2020-08-06,1
2020-08-07,2
2020-08-08,2
2020-08-09,3
2020-08-10,3
2020-08-11,1
2020-08-12,1
2020-08-13,2
2020-08-14,1
2020-08-15,2
2020-08-16,2
2020-08-17,2
2020-08-18,3
2020-08-19,4
2020-08-20,4
2020-08-21,3
2020-08-22,0
2020-08-23,3
2020-08-24,0
2020-08-25,1
2020-08-26,4
2020-08-27,5
2020-08-28,1
2020-08-29,3
2020-08-30,1
2020-08-31,0
2020-09-01,1
2020-09-02,3
2020-09-03,1
2020-09-04,3
2020-09-05,6
2020-09-06,5
2020-09-07,2
2020-09-08,2
2020-09-09,0
2020-09-10,2
2020-09-11,1
2020-09-12,2
2020-09-13,5
2020-09-14,2
2020-09-15,2
2020-09-16,1
2020-09-17,1
2020-09-18,0
2020-09-19,2
2020-09-20,0
2020-09-21,1
2020-09-22,0
2020-09-23,1
2020-09-24,0
2020-09-25,0
2020-09-26,0
2020-09-27,0
2020-09-28,0
2020-09-29,0
2020-09-30,0
2020-10-01,2
2020-10-02,1
2020-10-03,1
2020-10-04,0
2020-10-05,0
2020-10-06,0
2020-10-07,1
2020-10-08,1
2020-10-09,1
2020-10-10,1
2020-10-11,1
2020-10-12,0
2020-10-13,1
2020-10-14,1
2020-10-15,0
2020-10-16,0
2020-10-17,0
2020-10-18,0
2020-10-19,1
2020-10-20,1
2020-10-21,0
2020-10-22,0
2020-10-23,0
2020-10-24,0
2020-10-25,0
2020-10-26,0
2020-10-27,0
2020-10-28,0
2020-10-29,0
2020-10-30,0
2020-10-31,0
2020-11-01,0
2020-11-02,0
2020-11-03,1
2020-11-04,0
2020-11-05,0
2020-11-06,0
2020-11-07,0
2020-11-08,0
2020-11-09,0
2020-11-10,0
2020-11-11,1
2020-11-12,0
2020-11-13,1
2020-11-14,0
2020-11-15,0
2020-11-16,0
2020-11-17,0
2020-11-18,0
2020-11-19,0
2020-11-20,0
2020-11-21,0
2020-11-22,0
2020-11-23,0
2020-11-24,0
2020-11-25,0
2020-11-26,1
2020-11-27,0
2020-11-28,0
2020-11-29,0
2020-11-30,0
2020-12-01,0
2020-12-02,0
2020-12-03,0
2020-12-04,0
2020-12-05,0
2020-12-06,0
2020-12-07,1
2020-12-08,0
2020-12-09,0
2020-12-10,0
2020-12-11,0
2020-12-12,1
2020-12-13,0
2020-12-14,1
2020-12-15,1
2020-12-16,0
2020-12-17,0
2020-12-18,0
2020-12-19,0
2020-12-20,1
2020-12-21,1
2020-12-22,0
2020-12-23,0
2020-12-24,0
2020-12-25,0
2020-12-26,0
2020-12-27,0
2020-12-28,3
2020-12-29,1
2020-12-30,1
2020-12-31,0
2021-01-01,0
2021-01-02,1
2021-01-03,2
2021-01-04,0
2021-01-05,0
2021-01-06,0
2021-01-07,0
2021-01-08,0
2021-01-09,0
2021-01-10,0
2021-01-11,0
2021-01-12,0
2021-01-13,0
2021-01-14,0
2021-01-15,0
2021-01-16,0
2021-01-17,0
2021-01-18,0
2021-01-19,0
2021-01-20,0
2021-01-21,1
2021-01-22,1
2021-01-23,0
2021-01-24,0
2021-01-25,0
2021-01-26,1
2021-01-27,2
2021-01-28,1
2021-01-29,5
2021-01-30,5
2021-01-31,0
2021-02-01,0
2021-02-02,2
2021-02-03,4
2021-02-04,2
2021-02-05,2
2021-02-06,1
2021-02-07,2
2021-02-08,1
2021-02-09,1
2021-02-10,3
2021-02-11,0
2021-02-12,14
2021-02-13,15
2021-02-14,2
2021-02-15,0
2021-02-16,0
2021-02-17,3
2021-02-18,4
2021-02-19,7
2021-02-20,7
2021-02-21,1
2021-02-22,0
2021-02-23,0
2021-02-24,2
2021-02-25,1
2021-02-26,2
2021-02-27,1
2021-02-28,1
2021-03-01,1
2021-03-02,2
2021-03-03,0
2021-03-04,1
2021-03-05,1
2021-03-06,1
2021-03-07,0
2021-03-08,0
2021-03-09,2
2021-03-10,2
2021-03-11,7
2021-03-12,3
2021-03-13,9
2021-03-14,3
2021-03-15,3
2021-03-16,3
2021-03-17,0
2021-03-18,0
2021-03-19,1
2021-03-20,2
2021-03-21,1
2021-03-22,1
2021-03-23,3
2021-03-24,6
2021-03-25,12
2021-03-26,8
2021-03-27,6
2021-03-28,4
2021-03-29,2
2021-03-30,2
2021-03-31,8
2021-04-01,10
2021-04-02,5
2021-04-03,6
2021-04-04,2
2021-04-05,6
2021-04-06,5
2021-04-07,0
2021-04-08,0
2021-04-09,1
2021-04-10,2
2021-04-11,0
2021-04-12,0
2021-04-13,2
2021-04-14,3
2021-04-15,2
2021-04-16,2
2021-04-17,1
2021-04-18,0
2021-04-19,6
2021-04-20,2
2021-04-21,6
2021-04-22,1
2021-04-23,2
2021-04-24,0
2021-04-25,1
2021-04-26,6
2021-04-27,3
2021-04-28,10
2021-04-29,12
2021-04-30,8
2021-05-01,3
2021-05-02,8
2021-05-03,3
2021-05-04,18
2021-05-05,63
2021-05-06,92
2021-05-07,73
2021-05-08,274
2021-05-09,73
2021-05-10,18
2021-05-11,33
2021-05-12,117
2021-05-13,148
2021-05-14,99
2021-05-15,180
2021-05-16,140
2021-05-17,203
2021-05-18,152
2021-05-19,138
2021-05-20,0
2021-05-21,0
2021-05-22,165
2021-05-23,91
2021-05-24,48
2021-05-25,110
2021-05-26,90
2021-05-27,84
2021-05-28,36
2021-05-29,14
2021-05-30,65
2021-05-31,50
2021-06-01,28
2021-06-02,50
2021-06-03,36
2021-06-04,72
2021-06-05,18
2021-06-06,17
2021-06-07,51
2021-06-08,64
2021-06-09,46
2021-06-10,58
2021-06-11,48
2021-06-12,11
2021-06-13,16
2021-06-14,13
2021-06-15,8
2021-06-16,10
2021-06-17,1
2021-06-18,5
2021-06-19,6
2021-06-20,14
2021-06-21,6
2021-06-22,14
2021-06-23,2
2021-06-24,3
2021-06-25,8
2021-06-26,14
2021-06-27,12
2021-06-28,14
2021-06-29,9
2021-06-30,16
2021-07-01,15
2021-07-02,12
2021-07-03,49
2021-07-04,21
2021-07-05,21
2021-07-06,10
2021-07-07,11
2021-07-08,1
2021-07-09,2
2021-07-10,8
2021-07-11,27
2021-07-12,31
2021-07-13,5
2021-07-14,3
2021-07-15,5
2021-07-16,9
2021-07-17,11
2021-07-18,18
2021-07-19,13
2021-07-20,2
2021-07-21,4
2021-07-22,3
2021-07-23,3
2021-07-24,6
2021-07-25,3
2021-07-26,0
2021-07-27,0
2021-07-28,2
2021-07-29,0
2021-07-30,3
2021-07-31,3
2021-08-01,1
2021-08-02,3
2021-08-03,1
2021-08-04,1
2021-08-05,2
2021-08-06,1
2021-08-07,2
2021-08-08,0
2021-08-09,2
2021-08-10,1
2021-08-11,1
2021-08-12,0
2021-08-13,0
2021-08-14,2
2021-08-15,0
2021-08-16,2
2021-08-17,2
2021-08-18,1
2021-08-19,2
2021-08-20,2
2021-08-21,3
2021-08-22,1
2021-08-23,1
2021-08-24,1
2021-08-25,1
2021-08-26,1
2021-08-27,1
2021-08-28,2
2021-08-29,2
2021-08-30,2
2021-08-31,1
2021-09-01,1
2021-09-02,0
2021-09-03,1
2021-09-04,1
2021-09-05,1
2021-09-06,9
2021-09-07,2
2021-09-08,0
2021-09-09,0
2021-09-10,1
2021-09-11,2
2021-09-12,2
2021-09-13,1
2021-09-14,0
2021-09-15,1
2021-09-16,1
2021-09-17,0
2021-09-18,1
2021-09-19,1
2021-09-20,2
2021-09-21,0
2021-09-22,2
2021-09-23,0
2021-09-24,1
2021-09-25,0
2021-09-26,1
2021-09-27,1
2021-09-28,2
2021-09-29,1
2021-09-30,1
2021-10-01,1
2021-10-02,1
2021-10-03,0
2021-10-04,0
2021-10-05,1
2021-10-06,1
2021-10-07,3
2021-10-08,0
2021-10-09,1
2021-10-10,2
2021-10-11,3
2021-10-12,0
2021-10-13,1
2021-10-14,1
2021-10-15,1
2021-10-16,0
2021-10-17,0
2021-10-18,1
2021-10-19,0
2021-10-20,1
2021-10-21,1
2021-10-22,1
2021-10-23,0
2021-10-24,1
2021-10-25,0
2021-10-26,0
2021-10-27,1
2021-10-28,0
2021-10-29,0
2021-10-30,1
2021-10-31,0
2021-11-01,0
2021-11-02,0
2021-11-03,0
2021-11-04,0
2021-11-05,0
2021-11-06,0
2021-11-07,0
2021-11-08,0
2021-11-09,0
2021-11-10,0
2021-11-11,0
2021-11-12,0
2021-11-13,0
2021-11-14,1
2021-11-15,1
2021-11-16,0
2021-11-17,0
2021-11-18,0
2021-11-19,0
2021-11-20,0
2021-11-21,0
2021-11-22,0
2021-11-23,0
2021-11-24,0
2021-11-25,0
2021-11-26,0
2021-11-27,0
2021-11-28,0
2021-11-29,1
2021-11-30,0
2021-12-01,1
2021-12-02,1
2021-12-03,1
2021-12-04,0
2021-12-05,0
2021-12-06,0
2021-12-07,0
2021-12-08,0
2021-12-09,0
2021-12-10,0
2021-12-11,0
2021-12-12,0
2021-12-13,1
2021-12-14,0
2021-12-15,0
2021-12-16,0
2021-12-17,0
2021-12-18,0
2021-12-19,0
2021-12-20,0
2021-12-21,0
2021-12-22,0
2021-12-23,0
2021-12-24,0
2021-12-25,0
2021-12-26,0
2021-12-27,3
2021-12-28,0
2021-12-29,0
2021-12-30,0
2021-12-31,0
2022-01-01,0
2022-01-02,1
2022-01-03,0
2022-01-04,0
2022-01-05,0
2022-01-06,0
2022-01-07,0
2022-01-08,0
2022-01-09,0
2022-01-10,0
2022-01-11,1
2022-01-12,0
2022-01-13,0
2022-01-14,0
2022-01-15,0
2022-01-16,0
2022-01-17,0
2022-01-18,0
2022-01-19,0
2022-01-20,1
2022-01-21,1
2022-01-22,0
2022-01-23,0
2022-01-24,0
2022-01-25,0
2022-01-26,0
2022-01-27,0
2022-01-28,0
2022-01-29,0
2022-01-31,3
2022-02-01,1
2022-02-02,3
2022-02-03,1
2022-02-04,1
2022-02-05,0
2022-02-06,0
2022-02-07,2
2022-02-08,0
2022-02-09,0
2022-02-10,2
2022-02-11,2
2022-02-12,0
2022-02-13,3
2022-02-14,2
2022-02-15,1
2022-02-16,3
2022-02-17,1
2022-02-18,8
2022-02-19,0
2022-02-20,0
2022-02-21,3
2022-02-22,2
2022-02-23,3
2022-02-24,2
2022-02-25,0
2022-02-26,0
2022-02-27,0
2022-02-28,1
2022-03-01,6
2022-03-02,0
2022-03-03,0
2022-03-04,1
2022-03-05,1
2022-03-06,0
2022-03-07,1
2022-03-08,1
2022-03-09,1
2022-03-10,2
2022-03-11,0
2022-03-12,2
2022-03-13,0
2022-03-14,0
2022-03-15,0
2022-03-16,0
2022-03-17,1
2022-03-18,1
2022-03-19,0
2022-03-20,0
2022-03-21,0
2022-03-22,0
2022-03-23,0
2022-03-24,1
2022-03-25,2
2022-03-26,2
2022-03-27,1
2022-03-28,1
2022-03-29,0
2022-03-30,2
2022-03-31,0
2022-04-01,1
2022-04-02,0
2022-04-03,0
2022-04-04,0
2022-04-05,1
2022-04-06,1
2022-04-07,6
2022-04-08,4
2022-04-09,0
2022-04-10,2
2022-04-11,2
2022-04-12,1
2022-04-13,1
2022-04-14,1
2022-04-15,0
2022-04-16,2
2022-04-17,1
2022-04-18,2
2022-04-19,7
2022-04-20,0
2022-04-21,0
2022-04-22,1
2022-04-23,1
2022-04-24,1
2022-04-25,5
2022-04-26,3
2022-04-27,1
2022-04-28,0
2022-04-29,2
2022-04-30,4
2022-05-01,5
2022-05-02,9
2022-05-03,1
2022-05-04,3
2022-05-05,4
2022-05-06,4
2022-05-07,3
2022-05-08,6
2022-05-09,31
2022-05-10,79
2022-05-11,51
2022-05-12,66
2022-05-13,133
2022-05-14,100
2022-05-15,154
2022-05-16,158
2022-05-17,222
2022-05-18,93
2022-05-19,103
2022-05-20,112
2022-05-21,98
2022-05-22,125
2022-05-23,97
2022-05-24,63
2022-05-25,25
2022-05-26,44
2022-05-27,30
2022-05-28,67
2022-05-29,118
2022-05-30,48
2022-05-31,36
2022-06-01,25
2022-06-02,40
2022-06-03,9
2022-06-04,35
2022-06-05,31
2022-06-06,18
2022-06-07,29
2022-06-08,56
2022-06-09,30
2022-06-10,10
2022-06-11,14
2022-06-12,13
2022-06-13,23
2022-06-14,13
2022-06-15,13
2022-06-16,18
2022-06-17,5
2022-06-18,18
2022-06-19,5
2022-06-20,15
2022-06-21,15
2022-06-22,9
2022-06-23,3
2022-06-24,11
2022-06-25,4
2022-06-26,4
2022-06-27,12
2022-06-28,10
2022-06-29,36
2022-06-30,13
2022-07-01,5
2022-07-02,1
2022-07-03,3
2022-07-04,10
2022-07-05,3
2022-07-06,2
2022-07-07,8
2022-07-08,2
2022-07-09,0
2022-07-10,4
2022-07-11,1
2022-07-12,3
2022-07-13,4
2022-07-14,5
2022-07-15,4
2022-07-16,3
2022-07-17,1
2022-07-18,2
2022-07-19,3
2022-07-20,2
2022-07-21,2
2022-07-22,2
2022-07-23,4
2022-07-24,1
2022-07-25,1
2022-07-26,10
2022-07-27,1
2022-07-28,2
2022-07-29,3
2022-07-30,2
2022-07-31,2
2022-08-01,1
2022-08-02,2
2022-08-03,2
2022-08-04,2
2022-08-05,1
2022-08-06,0
2022-08-07,0
2022-08-08,2
2022-08-09,4
2022-08-10,5
2022-08-11,4
2022-08-12,3
2022-08-13,5
2022-08-14,3
2022-08-15,1
2022-08-16,3
2022-08-17,2
2022-08-18,0
2022-08-19,0
2022-08-20,1
2022-08-21,1
2022-08-22,1
2022-08-23,4
2022-08-24,2
2022-08-25,2
2022-08-26,1
2022-08-27,0
2022-08-28,1
2022-08-29,2
2022-08-30,3
2022-08-31,2
2022-09-01,2
2022-09-02,1
2022-09-03,0
2022-09-04,2
2022-09-05,1
2022-09-06,1
2022-09-07,1
2022-09-08,0
2022-09-09,1
2022-09-10,1
2022-09-11,3
2022-09-12,10
2022-09-13,3
2022-09-14,0
2022-09-15,0
2022-09-16,0
2022-09-17,2
2022-09-18,2
2022-09-19,2
2022-09-20,0
2022-09-21,1
2022-09-22,1
2022-09-23,1
2022-09-24,1
2022-09-25,0
2022-09-26,1
2022-09-27,1
2022-09-28,1
2022-09-29,1
2022-09-30,0
2022-10-01,0
2022-10-02,0
2022-10-03,1
2022-10-04,1
2022-10-05,2
2022-10-06,3
2022-10-07,1
2022-10-08,1
2022-10-09,1
2022-10-10,1
2022-10-11,0
2022-10-12,1
2022-10-13,1
2022-10-14,0
2022-10-15,1
2022-10-16,2
2022-10-17,4
2022-10-18,1
2022-10-19,2
2022-10-20,0
2022-10-21,0
2022-10-22,0
2022-10-23,1
2022-10-24,0
2022-10-25,0
2022-10-26,0
2022-10-27,0
2022-10-28,2
2022-10-29,0
2022-10-30,2
2022-10-31,0
2022-11-01,0
2022-11-02,0
2022-11-03,0
2022-11-04,0
2022-11-05,0
2022-11-06,0
2022-11-07,0
2022-11-08,0
2022-11-09,0
2022-11-10,0
2022-11-11,0
2022-11-12,1
2022-11-13,0
2022-11-14,0
2022-11-15,1
2022-11-16,0
2022-11-17,1
2022-11-18,0
2022-11-19,0
2022-11-20,1
2022-11-21,1
2022-11-22,0
2022-11-23,0
2022-11-24,0
2022-11-25,0
2022-11-26,0
2022-11-27,0
2022-11-28,0
2022-11-29,0
2022-11-30,0
2022-12-01,0
2022-12-02,0
2022-12-03,1
2022-12-04,0
2022-12-05,0
2022-12-06,0
2022-12-07,0
2022-12-08,0
2022-12-09,0
2022-12-10,0
2022-12-11,0
2022-12-12,0
2022-12-13,0
2022-12-14,0
2022-12-15,1
2022-12-16,1
2022-12-17,0
2022-12-18,1
2022-12-19,0
2022-12-20,0
2022-12-21,3
2022-12-22,1
2022-12-23,4
2022-12-24,2
2022-12-25,1
2022-12-26,6
2022-12-27,2
2022-12-28,1
2022-12-29,1
2022-12-30,1
2022-12-31,1
